Fund Name,P1,P2,P3,P4,P5,Topsis Score,Rank
M1,0.95,0.9,5.8,55.7,15.84,0.5999234416596442,1.0
M2,0.84,0.71,5.9,56.1,15.89,0.5216124972204664,2.0
M3,0.65,0.42,4.3,50.6,13.99,0.20602743270224624,7.0
M4,0.66,0.44,3.7,57.1,15.48,0.0609245307660652,8.0
M5,0.63,0.4,6.3,56.6,15.98,0.4037121229566072,6.0
M6,0.71,0.5,5.0,39.5,11.43,0.4728040275032493,3.0
M7,0.72,0.52,4.6,41.5,11.84,0.42138556991172615,5.0
M8,0.72,0.52,3.6,33.8,9.66,0.4358782662859424,4.0
